{"44.671367,-68.965689": 173.265838623, "44.671451,-68.965620": 172.969345093, "44.671541,-68.965594": 172.734191895, "44.671626,-68.965549": 172.291152954, "44.671701,-68.965477": 172.359222412, "44.671724,-68.965345": 172.703353882, "44.671733,-68.965213": 173.047317505, "44.671743,-68.965078": 173.199966431, "44.671724,-68.964952": 173.296173096, "44.671680,-68.964827": 173.240509033, "44.671634,-68.964712": 173.059936523, "44.671577,-68.964615": 173.163604736, "44.671499,-68.964542": 173.2134552, "44.671405,-68.964495": 173.343978882, "44.671324,-68.964408": 173.256698608, "44.671239,-68.964349": 173.410583496, "44.671156,-68.964278": 173.238021851, "44.671075,-68.964202": 172.985473633, "44.670986,-68.964138": 173.080474854, "44.670912,-68.964051": 172.842391968, "44.670868,-68.963932": 172.565460205, "44.670874,-68.963794": 172.286148071, "44.670908,-68.963675": 172.002593994, "44.670972,-68.963568": 171.765838623, "44.671035,-68.963475": 171.449615479, "44.671103,-68.963376": 171.278076172, "44.671151,-68.963268": 171.112884521, "44.671209,-68.963155": 170.439437866, "44.671254,-68.963037": 169.827041626, "44.671296,-68.962924": 169.267852783, "44.671352,-68.962819": 168.819290161, "44.671403,-68.962713": 168.315704346, "44.671452,-68.962599": 167.713439941, "44.671501,-68.962482": 167.198883057, "44.671544,-68.962357": 167.228973389, "44.671596,-68.962250": 167.189346313, "44.671640,-68.962136": 166.96925354, "44.671698,-68.962020": 166.267745972, "44.671751,-68.961897": 164.938446045, "44.671801,-68.961771": 164.300598145, "44.671846,-68.961661": 164.1199646, "44.671891,-68.961540": 164.201309204, "44.671946,-68.961432": 164.059341431, "44.671996,-68.961313": 164.123550415, "44.672048,-68.961198": 164.342544556, "44.672102,-68.961077": 164.335510254, "44.672152,-68.960967": 164.197860718, "44.672218,-68.960863": 164.470031738, "44.672276,-68.960754": 165.360168457, "44.672334,-68.960642": 165.792251587, "44.672374,-68.960526": 165.94367981, "44.672441,-68.960420": 166.573577881, "44.672497,-68.960292": 167.154327393, "44.672558,-68.960184": 168.107696533, "44.672618,-68.960071": 168.959365845, "44.672659,-68.959949": 168.861480713, "44.672699,-68.959831": 168.831481934, "44.672737,-68.959712": 168.345962524, "44.672681,-68.959816": 168.171478271, "44.672603,-68.959942": 167.512329102, "44.672542,-68.960056": 167.426895142, "44.672487,-68.960172": 167.05909729, "44.672429,-68.960283": 166.523925781, "44.672391,-68.960404": 165.84979248, "44.672322,-68.960506": 165.375488281, "44.672268,-68.960610": 165.030975342, "44.672213,-68.960712": 164.72164917, "44.672156,-68.960833": 164.387283325, "44.672102,-68.960948": 164.30255127, "44.672054,-68.961056": 164.355514526, "44.672005,-68.961172": 164.405197144, "44.671962,-68.961285": 164.303543091, "44.671907,-68.961399": 164.267166138, "44.671855,-68.961516": 164.252792358, "44.671802,-68.961629": 164.307434082, "44.671758,-68.961753": 164.460601807, "44.671699,-68.961868": 165.090621948, "44.671656,-68.961985": 166.01423645, "44.671605,-68.962102": 166.846878052, "44.671558,-68.962217": 167.071380615, "44.671517,-68.962333": 167.175704956, "44.671474,-68.962445": 167.358886719, "44.671421,-68.962555": 167.673431396, "44.671370,-68.962666": 168.292236328, "44.671313,-68.962782": 168.799285889, "44.671264,-68.962901": 169.287857056, "44.671204,-68.963014": 169.850280762, "44.671161,-68.963130": 170.584762573, "44.671101,-68.963241": 171.052886963, "44.671050,-68.963362": 171.339263916, "44.671008,-68.963487": 171.534332275, "44.670952,-68.963605": 171.845840454, "44.670895,-68.963720": 172.12260437, "44.670843,-68.963843": 172.366149902, "44.670819,-68.963981": 172.937347412, "44.670841,-68.964113": 173.224853516, "44.670911,-68.964219": 173.557739258, "44.670982,-68.964300": 173.851333618, "44.671074,-68.964345": 173.639053345, "44.671164,-68.964381": 173.495254517, "44.671249,-68.964446": 173.517440796, "44.671341,-68.964506": 173.444869995, "44.671431,-68.964566": 173.368362427, "44.671512,-68.964652": 173.350982666, "44.671581,-68.964737": 173.356140137, "44.671641,-68.964843": 173.318283081, "44.671688,-68.964961": 173.247497559, "44.671713,-68.965088": 173.139953613, "44.671707,-68.965224": 173.027313232, "44.671689,-68.965356": 172.823364258, "44.671659,-68.965487": 172.451156616, "44.671601,-68.965590": 172.321411133, "44.671503,-68.965599": 172.764175415, "44.671415,-68.965634": 173.029342651, "44.671333,-68.965687": 174.005828857}